cost_id,year_month,country_code,channel,spend_amount,currency
d23b906e-c131-498b-ab0e-abe76782682a,2024-01-01,DE,digital_marketing,8969,EUR
5871c548-b0a3-4afd-904b-708d6af1b849,2024-01-01,DE,field_sales,6473,EUR
5befcad1-035d-461c-b759-85b2909bfce4,2024-01-01,DE,partnerships,2828,EUR
56448527-c679-47fb-a75d-06f0f11a5e3b,2024-01-01,DE,referral,1476,EUR
3169b927-8c3c-4e97-9571-86f6ce5cc762,2024-01-01,GB,digital_marketing,8669,GBP
29aaaaaf-5274-4749-bd95-1f142c7335e3,2024-01-01,GB,field_sales,5878,GBP
51553be0-1c75-4e78-91bc-c3a3e26754d2,2024-01-01,GB,partnerships,2994,GBP
d4d4ec82-b293-4993-a3ed-6fbc98abab30,2024-01-01,GB,referral,1580,GBP
483ee46c-0ecf-4b0d-8fd6-f81d570e7ff3,2024-01-01,FR,digital_marketing,6913,EUR
6f8456c1-97d4-4bd2-8e57-c555da72f745,2024-01-01,FR,field_sales,5524,EUR
c3232391-c31a-41ad-8fda-5feb288bde69,2024-01-01,FR,partnerships,2682,EUR
471d0802-872f-43ae-ad1f-2a7ee88bde28,2024-01-01,FR,referral,1560,EUR
5eae6775-9af8-4728-9fa6-1b3bf02fc823,2024-01-01,BR,digital_marketing,30068,BRL
132a54e7-4cbe-45ba-92f7-cb9944f651ea,2024-01-01,BR,field_sales,24266,BRL
9d43e0ed-052f-4dc3-8c20-10066df16274,2024-01-01,BR,partnerships,10093,BRL
5219983b-6145-4a19-96f8-68a82ffe17c9,2024-01-01,BR,referral,5578,BRL
22f7daca-0683-4e0e-8e15-598d348b10a9,2024-01-01,US,digital_marketing,11953,USD
99f0297c-f5ef-495b-9d9b-89bd2812acf5,2024-01-01,US,field_sales,8087,USD
9f5bf882-d180-48d4-85ea-f9fb3c0b63a1,2024-01-01,US,partnerships,4476,USD
e61e6977-dff4-480c-baa6-7b931f417521,2024-01-01,US,referral,2611,USD
76770b32-52ec-4fab-9fec-7326fe405ccb,2024-01-01,PL,digital_marketing,18758,PLN
6133ee56-1129-4c13-9665-55107d4b3317,2024-01-01,PL,field_sales,12897,PLN
fcf0939f-7573-41c2-a0b1-8e20c5ac0804,2024-01-01,PL,partnerships,6792,PLN
8a548bda-5599-4ee8-8f54-48a16dec354c,2024-01-01,PL,referral,3337,PLN
72304658-c64b-4bc1-b01f-5d70417c9ce2,2024-01-01,IT,digital_marketing,5522,EUR
201e360e-7803-4e97-a6fc-5c50b6b55fcd,2024-01-01,IT,field_sales,3965,EUR
232e5673-d9e6-463e-9229-70d68893c4dd,2024-01-01,IT,partnerships,1887,EUR
d031f1c3-3e26-4507-95cb-05d453a70de7,2024-01-01,IT,referral,1023,EUR
160d730f-d1ae-4153-b15e-dd4b67ccea0d,2024-01-01,ES,digital_marketing,5651,EUR
e00789bd-e10e-4c62-a6f3-2e0ae9baa29c,2024-01-01,ES,field_sales,4507,EUR
a9e90929-3635-492b-9579-0160c0a2a524,2024-01-01,ES,partnerships,2217,EUR
9fb9c141-6bbd-4ad0-8264-f7bd405999c1,2024-01-01,ES,referral,1064,EUR
1b4bc85c-b634-41c5-8ad3-a95801f7acbe,2024-02-01,DE,digital_marketing,8638,EUR
2c7b52c2-59ec-4244-9891-0da0afffbd92,2024-02-01,DE,field_sales,5447,EUR
bbeb19eb-7d99-4906-be3e-b7e373f9886b,2024-02-01,DE,partnerships,2969,EUR
80517c0b-7f5a-456f-99c0-be8fb77ef4b9,2024-02-01,DE,referral,1503,EUR
6ccdf9df-4b35-4d59-a514-638676b9a8ae,2024-02-01,GB,digital_marketing,7454,GBP
c5ee3cec-be3f-4826-a42a-72b6975dc431,2024-02-01,GB,field_sales,5770,GBP
d6c43b48-a2ce-410d-889b-0c2266c2fde6,2024-02-01,GB,partnerships,3173,GBP
db0ee3ee-32f7-4721-9896-e63a665930b0,2024-02-01,GB,referral,1709,GBP
776367f5-f5f1-4a1c-8760-756e9c790435,2024-02-01,FR,digital_marketing,6517,EUR
90c677bb-475f-4ca5-a36f-a05f76a62a44,2024-02-01,FR,field_sales,5688,EUR
c6737ea0-1ce6-4b66-ba9a-9f8fd042d14b,2024-02-01,FR,partnerships,2304,EUR
91a47a4e-4e2b-4cce-b664-1ebf72d016f5,2024-02-01,FR,referral,1666,EUR
789a6259-1368-4747-92c7-3ee0dbebd2df,2024-02-01,BR,digital_marketing,30498,BRL
b24e6574-70a9-4fd7-8614-01ecaef306de,2024-02-01,BR,field_sales,20068,BRL
0d81cfce-815a-4dd3-914a-75899ae0ca9f,2024-02-01,BR,partnerships,11352,BRL
74732084-fe27-4211-8074-865f3ec60ce0,2024-02-01,BR,referral,5035,BRL
4baf2c4a-5634-4425-a52c-75f5fca5f5a2,2024-02-01,US,digital_marketing,10277,USD
a089a392-2760-4e69-8372-42cb511aab98,2024-02-01,US,field_sales,8343,USD
21630cd3-45b1-45da-8a58-8f212e74fb99,2024-02-01,US,partnerships,4460,USD
143fda71-8289-4d56-b728-16963602459a,2024-02-01,US,referral,2893,USD
8b0b90fe-be7b-4a67-b1b6-299364562ada,2024-02-01,PL,digital_marketing,15704,PLN
0d76e882-c490-41ac-83ad-fac177490231,2024-02-01,PL,field_sales,12664,PLN
f4c738af-c4f0-4575-8409-51c5ac82d64c,2024-02-01,PL,partnerships,7219,PLN
a0a3c88f-ac43-4e5b-9f64-8f87ec6886c2,2024-02-01,PL,referral,3646,PLN
cadf95bb-0bd0-45d9-b588-4aeca3981298,2024-02-01,IT,digital_marketing,5603,EUR
7c9fff5c-cd01-48d9-8b98-7463e6889b19,2024-02-01,IT,field_sales,4298,EUR
42243cd2-252c-48e0-b869-f0bdc83eb831,2024-02-01,IT,partnerships,1945,EUR
f8aa6023-de49-4fc8-84b5-668b124d549e,2024-02-01,IT,referral,1126,EUR
5d131da5-0a39-4cd1-ab73-662e9835b46f,2024-02-01,ES,digital_marketing,5265,EUR
5b1ed9ea-397d-4b13-b25e-ee048972c72a,2024-02-01,ES,field_sales,3956,EUR
f7452d9a-8354-40b2-9694-05d9960d6a13,2024-02-01,ES,partnerships,1882,EUR
3daef08f-0d9d-4cb4-aa2d-ba7399b7fbfd,2024-02-01,ES,referral,1070,EUR
16929993-77e1-4b5b-a92a-7ea8c704cd6f,2024-03-01,DE,digital_marketing,8558,EUR
9dfcd742-167f-4ddb-b093-8bee7b301500,2024-03-01,DE,field_sales,5897,EUR
51b80c10-aa3b-44bb-b8cb-37c0fe89d31a,2024-03-01,DE,partnerships,3315,EUR
e2f8d71f-56e5-48b2-ad2f-0daf072653fa,2024-03-01,DE,referral,1703,EUR
4ca1c59d-f308-4db7-abac-5eec23ed6628,2024-03-01,GB,digital_marketing,7051,GBP
55d12aa6-f3bf-4c7b-85ab-8b52c505c774,2024-03-01,GB,field_sales,5810,GBP
de8cce99-ed02-4825-adaa-ed28bd88892f,2024-03-01,GB,partnerships,2774,GBP
7e057a1c-bcef-4b5f-b430-74407989eb92,2024-03-01,GB,referral,1582,GBP
cc3111ef-1943-4312-977a-502fd8d94853,2024-03-01,FR,digital_marketing,7282,EUR
8b731674-3cf6-4b19-87ac-c68987554c15,2024-03-01,FR,field_sales,5440,EUR
233b088f-419d-4bd9-85b3-1dd68018f4ca,2024-03-01,FR,partnerships,2779,EUR
166a846f-4bee-47e0-9377-dcec5378f1c7,2024-03-01,FR,referral,1405,EUR
286db7b5-f5d7-4ce7-bc57-78da3d69b21d,2024-03-01,BR,digital_marketing,25446,BRL
78bd6803-5b2d-4028-a69b-60c20ac41e13,2024-03-01,BR,field_sales,20045,BRL
e75381d8-a6d7-4ec6-823d-26e69b635d68,2024-03-01,BR,partnerships,11658,BRL
16bd082b-5ad6-4e87-91b4-527747d8cc34,2024-03-01,BR,referral,5899,BRL
95db8c22-d571-49b6-9a18-ae1830d4023a,2024-03-01,US,digital_marketing,10105,USD
bddaf02d-e0d0-4332-9518-bdc85b9068ad,2024-03-01,US,field_sales,8056,USD
51e8094c-834e-4516-8273-be518f6efcc9,2024-03-01,US,partnerships,4598,USD
ee436c6c-9183-48ba-8a2b-5b9db64af3b5,2024-03-01,US,referral,3028,USD
7152f1d9-36f2-4bc8-8724-3f817b29ceda,2024-03-01,PL,digital_marketing,18884,PLN
06b8d1e7-c116-4fdd-ac6c-3ac827642cfc,2024-03-01,PL,field_sales,13395,PLN
88460fa2-1e15-4946-a4d1-7eb73c3c0747,2024-03-01,PL,partnerships,6378,PLN
a4069340-3b67-43f4-8817-6605177cd4f4,2024-03-01,PL,referral,3520,PLN
38d6f562-4a62-4e92-b97b-a03ca9914855,2024-03-01,IT,digital_marketing,5128,EUR
e5e78a1f-6361-4cc2-be86-54318944a2a2,2024-03-01,IT,field_sales,3801,EUR
b02841f3-acc4-4f7c-bce1-3c9087160ae9,2024-03-01,IT,partnerships,2250,EUR
9c9efae1-b1f7-424c-860a-171325a84df4,2024-03-01,IT,referral,979,EUR
ec3e2325-e6a8-43df-958e-3d34e18fc630,2024-03-01,ES,digital_marketing,4548,EUR
0682ace8-d915-4367-80d5-1dc04d040f3c,2024-03-01,ES,field_sales,3987,EUR
9048d04b-c9b5-43d1-9613-fd6dcd356818,2024-03-01,ES,partnerships,1803,EUR
3b32adf0-e98c-4806-812c-e731f87ab530,2024-03-01,ES,referral,1083,EUR
16f102ee-6708-4575-8320-ae1b6bfc0161,2024-04-01,DE,digital_marketing,8011,EUR
7819a8d5-3250-4714-8610-f1f822678c4f,2024-04-01,DE,field_sales,5403,EUR
46e08374-a603-4715-8132-1b17be328781,2024-04-01,DE,partnerships,3143,EUR
60b605c4-bf86-4c18-819a-8c5894820252,2024-04-01,DE,referral,1370,EUR
417485b5-dc28-4355-9cc6-ad9aa8f14438,2024-04-01,GB,digital_marketing,7688,GBP
13c4ca55-2a87-4781-9515-6dbe1ae8083d,2024-04-01,GB,field_sales,5672,GBP
4d7e39b0-6d54-4420-ad19-30574cab5055,2024-04-01,GB,partnerships,3252,GBP
54d1d39a-293e-4531-a08f-527fcb2362f2,2024-04-01,GB,referral,1813,GBP
8e246533-3879-4560-a26b-532cbd6eaf2f,2024-04-01,FR,digital_marketing,7368,EUR
08954078-6f6d-42c2-85b7-bbdbddd6419b,2024-04-01,FR,field_sales,5488,EUR
10bb70a5-02e6-40a5-ab8c-559cece499c2,2024-04-01,FR,partnerships,2606,EUR
ff41c8b0-a24f-4fac-bbe0-da0acbfe6da5,2024-04-01,FR,referral,1379,EUR
5bf0b199-8d96-4080-8d9d-dd8ab6e65180,2024-04-01,BR,digital_marketing,30032,BRL
8928672b-69e7-4376-9b40-c0af8d702b58,2024-04-01,BR,field_sales,21832,BRL
596f4e8b-4001-4fc6-b8a9-b7ace692d724,2024-04-01,BR,partnerships,11286,BRL
0636c4d2-66ab-4204-abf6-8e17ac9d2294,2024-04-01,BR,referral,6065,BRL
d0861a84-7e2e-4c06-9320-883481be636a,2024-04-01,US,digital_marketing,10059,USD
63a576a5-b4da-4f0a-8fc2-214306b56b86,2024-04-01,US,field_sales,8207,USD
01cb3280-208b-4d88-a2d2-c4dd297e1bff,2024-04-01,US,partnerships,3966,USD
fe989dc3-7d96-44c3-95c7-4a7df2318db7,2024-04-01,US,referral,2562,USD
c86ec299-d431-42cd-b6f5-99a02b8f7dbe,2024-04-01,PL,digital_marketing,17521,PLN
403e101f-2a8d-43c3-80d7-c9279d702b62,2024-04-01,PL,field_sales,14911,PLN
d8adac69-9d4a-4de7-973a-e2e6f2a96162,2024-04-01,PL,partnerships,7459,PLN
64cd2508-d1b1-45ad-b40e-336f9cd1b8a7,2024-04-01,PL,referral,3461,PLN
2a67ef82-612b-4b77-8054-a0b87e308cc9,2024-04-01,IT,digital_marketing,4627,EUR
7d80bfe3-4684-4d31-8409-0136197e169b,2024-04-01,IT,field_sales,3694,EUR
8a679fa0-5d48-4c7d-af33-1f61e1604f27,2024-04-01,IT,partnerships,2060,EUR
71200041-6cb5-4cac-835d-6786d22d8768,2024-04-01,IT,referral,1066,EUR
41305702-ff68-48b3-bc92-0922c5eb2188,2024-04-01,ES,digital_marketing,4839,EUR
1040c9f9-70e4-484d-a512-3218d565545e,2024-04-01,ES,field_sales,4409,EUR
d20b3f3a-1af3-4af7-944a-55194984fa7a,2024-04-01,ES,partnerships,2119,EUR
15fecdae-3f05-41ed-81e3-90d73a0a2239,2024-04-01,ES,referral,948,EUR
b5ea089d-6528-4d98-94e1-c74c7a57d1b0,2024-05-01,DE,digital_marketing,8073,EUR
5ab5998d-cb88-4995-83de-65f02128b1a1,2024-05-01,DE,field_sales,5663,EUR
0e5cab80-1a13-44d0-bcca-6042bb91eeb0,2024-05-01,DE,partnerships,3349,EUR
8ecb2211-40fa-4331-8b14-718534684ef4,2024-05-01,DE,referral,1511,EUR
f4e26c9f-f618-424e-a57d-e82f066d7f8f,2024-05-01,GB,digital_marketing,7199,GBP
bd42cb5e-8661-4484-bf41-717b56bc9094,2024-05-01,GB,field_sales,6417,GBP
bc7bd7e8-2e24-40fd-89d6-e48f312252f7,2024-05-01,GB,partnerships,3171,GBP
05a3fb06-4912-45d3-96ff-0578712a73aa,2024-05-01,GB,referral,1592,GBP
cef67f1b-866c-467d-aec5-27bef69e15df,2024-05-01,FR,digital_marketing,6860,EUR
045fc8a3-b597-4d22-af65-cb707a1685c4,2024-05-01,FR,field_sales,5579,EUR
3ab7700b-e01d-49ee-bc01-526afb492163,2024-05-01,FR,partnerships,2256,EUR
2f440c90-71b2-4742-bb4e-5986ef7cd3f1,2024-05-01,FR,referral,1489,EUR
adc55ef4-7f76-431a-bd47-4b3e30caab0f,2024-05-01,BR,digital_marketing,26285,BRL
d2468af1-c560-465d-9068-3d93d990fd58,2024-05-01,BR,field_sales,22388,BRL
cb644b4a-af54-4f5a-9cfa-a6d9d0c125a3,2024-05-01,BR,partnerships,12280,BRL
5cb6bdf4-513c-44a3-8ed3-32fe95225002,2024-05-01,BR,referral,5350,BRL
64b4914d-5cdd-4e1c-8a28-8eae29b9a8bd,2024-05-01,US,digital_marketing,11093,USD
0091cfd9-475f-4987-bbe1-e2f5bcc46bce,2024-05-01,US,field_sales,9654,USD
40f81121-a14b-4c2a-a82c-8241b386a476,2024-05-01,US,partnerships,4213,USD
0b9b3088-a97f-4a6b-b301-983451ca9f0c,2024-05-01,US,referral,2703,USD
ae15c1bd-8092-4a1c-af65-477eb1378654,2024-05-01,PL,digital_marketing,17167,PLN
99177c8c-7287-4742-b308-639aec67d685,2024-05-01,PL,field_sales,12710,PLN
f5befeda-acd8-4f69-b943-f62dcc4531b0,2024-05-01,PL,partnerships,6244,PLN
ce58a240-9644-47aa-9803-d6da60b24684,2024-05-01,PL,referral,3523,PLN
1a2e0df4-a6b7-4492-957b-c6ecab7f9e7a,2024-05-01,IT,digital_marketing,5309,EUR
2d08cf38-c79b-491f-9774-b74cfe21005d,2024-05-01,IT,field_sales,3781,EUR
6c4cb493-1910-4180-ae4e-49f1789d48c5,2024-05-01,IT,partnerships,2072,EUR
b41f0d46-f0e9-4180-9f66-e5994a69a36a,2024-05-01,IT,referral,996,EUR
ad91b0b2-c5c2-47a2-8ca6-9da95263257a,2024-05-01,ES,digital_marketing,4693,EUR
7a3fa897-2e3b-4b01-8de6-cfcf367bbbb2,2024-05-01,ES,field_sales,4254,EUR
2080ee99-8cd4-48b1-a8b2-63f764be84c9,2024-05-01,ES,partnerships,1875,EUR
55e372f2-b5fc-491f-b3e9-92d3556ba3d7,2024-05-01,ES,referral,1116,EUR
2e2928ee-1e5b-40b0-8179-12d1c81dfc24,2024-06-01,DE,digital_marketing,7576,EUR
d4050a5a-3ed8-4cf5-ace0-34a7d5b2c297,2024-06-01,DE,field_sales,6311,EUR
932495f8-bd62-47e7-b27c-d3c4165c3edf,2024-06-01,DE,partnerships,2969,EUR
25462634-163c-4fdb-ae09-ad5645c90e97,2024-06-01,DE,referral,1739,EUR
4c05c353-e652-4dfd-b77d-c7116564c0af,2024-06-01,GB,digital_marketing,8137,GBP
02bc6217-5bc7-4947-a66c-96d636a5ed83,2024-06-01,GB,field_sales,6700,GBP
68865603-0479-474c-978c-edfd44a26f19,2024-06-01,GB,partnerships,2798,GBP
629b08e9-a119-4238-9dd6-79d236ccaba9,2024-06-01,GB,referral,1670,GBP
3e816d8e-9c7e-457a-a36d-026b8d010439,2024-06-01,FR,digital_marketing,6409,EUR
6ec2837b-d7d3-4788-9342-c1a8612f067b,2024-06-01,FR,field_sales,4552,EUR
183ca011-80c9-4508-b949-03c3b4b52f66,2024-06-01,FR,partnerships,2457,EUR
09fdd466-ee8c-443c-9896-82f98e03ef80,2024-06-01,FR,referral,1733,EUR
437265ce-a6cc-493b-a9db-1291c0bc0b2d,2024-06-01,BR,digital_marketing,26463,BRL
de6abe87-e37b-4262-a4fa-8849551753a6,2024-06-01,BR,field_sales,23662,BRL
2cc45950-d1f7-4adb-9995-e2de4c95af4c,2024-06-01,BR,partnerships,10747,BRL
080a2e36-ddb4-4406-b33f-2f41c1ba1b3c,2024-06-01,BR,referral,6451,BRL
0fa3108e-e3ed-43ed-82eb-b3b55aacceee,2024-06-01,US,digital_marketing,10482,USD
aa6b1a29-5696-436f-beb8-eba809df82e3,2024-06-01,US,field_sales,9378,USD
72643f00-28cd-409b-8758-bfc87f53d883,2024-06-01,US,partnerships,3952,USD
c801b284-6545-4000-9856-e5274043f4a3,2024-06-01,US,referral,2818,USD
bfbbdd13-9d42-41ff-a71c-ebbec4ece97c,2024-06-01,PL,digital_marketing,16603,PLN
351ca722-1696-4fe2-b86a-2868ddeeab5f,2024-06-01,PL,field_sales,11963,PLN
ff99baae-819d-4be6-bb6d-4963bd17ea90,2024-06-01,PL,partnerships,6171,PLN
26a2387b-8e9a-4217-a889-a50f92a0b823,2024-06-01,PL,referral,3693,PLN
da30a065-62c7-4b94-b278-70f6c78cf0c0,2024-06-01,IT,digital_marketing,4848,EUR
1b528262-a815-48ac-8c34-d85caa3530a2,2024-06-01,IT,field_sales,3764,EUR
781244ba-0998-4781-b218-379e96f442d9,2024-06-01,IT,partnerships,2100,EUR
a204137f-cc20-4a51-ba90-f05627307229,2024-06-01,IT,referral,1067,EUR
0663a73e-3cb0-4e43-87a2-b1ceb140a25c,2024-06-01,ES,digital_marketing,5176,EUR
a337e843-c227-4659-a098-5f13a6ff2d4e,2024-06-01,ES,field_sales,4402,EUR
81f48fe3-b0a0-493a-8589-b117810e4b72,2024-06-01,ES,partnerships,1824,EUR
8a2915d4-65f5-4d4e-98dc-30decd964b2f,2024-06-01,ES,referral,992,EUR
807fc636-e411-43cb-ac65-8ce902c8d76d,2024-07-01,DE,digital_marketing,7939,EUR
6f95659d-d1a6-47ca-9a43-a7b10ea4fd24,2024-07-01,DE,field_sales,6344,EUR
e3c7347e-958c-446c-826d-33ff33eaeee0,2024-07-01,DE,partnerships,2915,EUR
601418e0-f9f4-4d2c-995d-12ada0cf0217,2024-07-01,DE,referral,1727,EUR
f630c232-e0cf-4652-93fd-bc4e51e8d0c1,2024-07-01,GB,digital_marketing,7419,GBP
97ed758a-d4dc-4914-b571-e18cafa3a34e,2024-07-01,GB,field_sales,6221,GBP
a9ab85af-84f4-4e8e-8c17-e6463db537b0,2024-07-01,GB,partnerships,2749,GBP
f9e3db45-fd25-4588-9870-712affb72d55,2024-07-01,GB,referral,1789,GBP
3f45ec74-6895-4366-8cb8-45fc93ef7243,2024-07-01,FR,digital_marketing,7041,EUR
d31d0cad-1257-46e8-bb40-cf03fb3757fb,2024-07-01,FR,field_sales,4727,EUR
67a8391e-fabd-40cb-9748-1393d2f306ec,2024-07-01,FR,partnerships,2307,EUR
9235476c-4cf5-4cef-bbbb-98c3f519509b,2024-07-01,FR,referral,1672,EUR
1a084a7a-eaa4-4b57-af61-cf7211076c59,2024-07-01,BR,digital_marketing,29941,BRL
90c23354-d2f0-448e-9932-58879a406b56,2024-07-01,BR,field_sales,23125,BRL
0e2b8643-f4f1-4a32-8e8d-f07536b76dbb,2024-07-01,BR,partnerships,12611,BRL
e77abe70-215f-4d64-a71f-3691bc7c09c9,2024-07-01,BR,referral,5717,BRL
8f7a9ec7-44ba-49e0-8d59-f99b93b5f810,2024-07-01,US,digital_marketing,10081,USD
f7b371d8-02ea-45cb-ae78-a1a48e328f88,2024-07-01,US,field_sales,9829,USD
b2c120e3-13f7-4541-9b89-36b1f5016e89,2024-07-01,US,partnerships,4622,USD
bd490355-87d2-42ad-b3ff-c51764d544bb,2024-07-01,US,referral,2741,USD
3bb91661-dcfa-4e9b-8d61-fffcfed019f3,2024-07-01,PL,digital_marketing,19176,PLN
5e980176-9621-4d15-b510-f76290759300,2024-07-01,PL,field_sales,14578,PLN
8b0eb469-8a24-46f5-bbd8-e8fb346e09d2,2024-07-01,PL,partnerships,5935,PLN
136028fd-b79f-4f65-81c7-aec18e9181fc,2024-07-01,PL,referral,3736,PLN
1094d463-d0c0-4831-8033-62c7cc996fe4,2024-07-01,IT,digital_marketing,5169,EUR
d805dc9f-dc03-4411-bd85-26a661a94081,2024-07-01,IT,field_sales,4641,EUR
6e6b7b87-5708-42bb-ba8d-e99cb852f4f9,2024-07-01,IT,partnerships,1910,EUR
6db865b0-09d1-42d0-9656-62d029e7a3cf,2024-07-01,IT,referral,953,EUR
dbbd4aa7-021b-4b15-8fa8-5a7f0b831e29,2024-07-01,ES,digital_marketing,5097,EUR
4fc45ff7-4d05-4047-9021-027e32900f84,2024-07-01,ES,field_sales,4302,EUR
7c377f87-05e7-4fc5-be20-6114bd58bc7a,2024-07-01,ES,partnerships,2336,EUR
f6b47114-c705-4665-a78a-cf8148e60722,2024-07-01,ES,referral,915,EUR
a830acfc-46f9-494a-a387-4762c37bb744,2024-08-01,DE,digital_marketing,7616,EUR
ce772344-ded7-4b69-9a16-fbd735737b40,2024-08-01,DE,field_sales,6422,EUR
f3c833d3-c00f-4eab-bf1d-6f65a4634885,2024-08-01,DE,partnerships,3232,EUR
8ba77f67-4c0c-45a7-839f-d9c9765eb1c1,2024-08-01,DE,referral,1517,EUR
d95cca25-426e-45c0-a251-94d2536e7538,2024-08-01,GB,digital_marketing,8739,GBP
7f9f6158-f1ef-458f-9427-c36cea676925,2024-08-01,GB,field_sales,5656,GBP
971c0abd-c5e5-4347-a38d-7ac0237f5664,2024-08-01,GB,partnerships,3188,GBP
62155e63-988e-4c58-87e3-ff42adb809af,2024-08-01,GB,referral,1893,GBP
a4293d40-5b54-42ad-a511-3253302d3fa9,2024-08-01,FR,digital_marketing,6908,EUR
bb089364-7b22-4c6d-afd5-a7f14ed5c2a3,2024-08-01,FR,field_sales,4586,EUR
93a665a7-a2c0-4b9d-a1dd-e087a7e92d5a,2024-08-01,FR,partnerships,2804,EUR
a5128fe8-bca7-4454-800b-4458519c6c6e,2024-08-01,FR,referral,1442,EUR
e48c3071-df12-4f04-9f3f-a1eea70a32bd,2024-08-01,BR,digital_marketing,30429,BRL
fd1215ce-e577-488d-8479-809f6047ea1e,2024-08-01,BR,field_sales,21319,BRL
4d447937-6909-4528-82ad-c74250204fbf,2024-08-01,BR,partnerships,12052,BRL
d927f0c3-22e4-4e33-8a07-e123bd2e0b3c,2024-08-01,BR,referral,6346,BRL
5169d1d7-31fd-4782-8af1-86a478b6b244,2024-08-01,US,digital_marketing,11969,USD
6b2716f3-6304-4179-9eb9-9ca339ed7e7e,2024-08-01,US,field_sales,9748,USD
7aff6945-7e45-4f87-aaa3-986f35f914c2,2024-08-01,US,partnerships,4684,USD
19e41530-f7c1-4334-a8d0-4c8793550be4,2024-08-01,US,referral,2609,USD
cff16680-ed11-4261-9df3-2923bf422f1e,2024-08-01,PL,digital_marketing,18596,PLN
9a29520b-d947-4705-8bd8-da3eafd4b0d3,2024-08-01,PL,field_sales,13629,PLN
d713d7e1-0fa9-4de4-80a9-411335e7af0a,2024-08-01,PL,partnerships,6300,PLN
64fb7bf6-d2d3-4233-9972-6fd115f7849d,2024-08-01,PL,referral,3898,PLN
8ca17663-07e9-4def-a2a2-bd3e83ea8904,2024-08-01,IT,digital_marketing,4674,EUR
b5024886-353f-4492-9b0a-529ff3868a85,2024-08-01,IT,field_sales,4286,EUR
adfaaa54-771a-4714-915b-dd979f746c25,2024-08-01,IT,partnerships,2218,EUR
e4c6fd55-ac3f-45d1-8f49-4b82f011fefb,2024-08-01,IT,referral,1144,EUR
0e14477d-1f12-468a-b03e-5a2725a108de,2024-08-01,ES,digital_marketing,5347,EUR
1a81bbd1-99a0-4e94-9ce0-ad1807e5e081,2024-08-01,ES,field_sales,3947,EUR
a69effd4-969d-4c8d-b5d7-f19b2f06a35c,2024-08-01,ES,partnerships,2225,EUR
65866b0e-0300-4481-acc4-d3ac70c2e682,2024-08-01,ES,referral,1045,EUR
e395f53f-34ab-4f64-b6c0-eacb35184bf6,2024-09-01,DE,digital_marketing,9172,EUR
d4d6ad46-0b6c-4c6b-bc57-bb53bae02d24,2024-09-01,DE,field_sales,6994,EUR
a6b21c39-1f9f-4557-8667-e181212cd47b,2024-09-01,DE,partnerships,3457,EUR
47fb36d9-31b2-4db8-8504-898e1d7fe711,2024-09-01,DE,referral,1679,EUR
5c911d30-d0ff-4fb5-951a-5349cfa4ed2f,2024-09-01,GB,digital_marketing,7174,GBP
2bd07ef9-3b64-41ca-9a92-515424ec7fa2,2024-09-01,GB,field_sales,6367,GBP
e0d6858f-a681-4c77-bd8a-115db92205c3,2024-09-01,GB,partnerships,2845,GBP
b739095d-ad30-4c0a-9bd3-e261f0b14a3f,2024-09-01,GB,referral,1605,GBP
e26aa63b-24a7-4894-b93b-96cb8822801c,2024-09-01,FR,digital_marketing,6815,EUR
70c28bd4-8862-41ae-9ef6-d31cded3d306,2024-09-01,FR,field_sales,4823,EUR
e66bf3c5-0e9c-455e-9822-08864f089fa2,2024-09-01,FR,partnerships,2409,EUR
70dc890b-ba88-484f-9ebb-d1896cd30997,2024-09-01,FR,referral,1676,EUR
7c799868-3a4e-455f-af3e-8630bab0a06c,2024-09-01,BR,digital_marketing,26340,BRL
3696f558-2321-46f6-a5b7-a62c054a8671,2024-09-01,BR,field_sales,23062,BRL
b1cd08db-9850-4ea9-9418-a2fa6b8c319f,2024-09-01,BR,partnerships,12128,BRL
a0cd1abe-b033-49ec-a50a-9cafeb5e43e6,2024-09-01,BR,referral,6387,BRL
a73f84e3-67a5-4cb6-b0a1-19ffbfeb786c,2024-09-01,US,digital_marketing,11178,USD
3e7c8e1f-d888-4552-8d8b-173bdc4a8ab4,2024-09-01,US,field_sales,10306,USD
4b9d577a-79fa-479d-8a4f-80527ea88820,2024-09-01,US,partnerships,4530,USD
58796191-c121-4a80-9c6c-87c43da49e26,2024-09-01,US,referral,2981,USD
3232c94f-6852-4cf6-8e8b-3c0e957da621,2024-09-01,PL,digital_marketing,19104,PLN
458df069-83a9-4ae1-ba35-a39c74637d16,2024-09-01,PL,field_sales,13135,PLN
955f0b05-e6ff-4659-b38e-5e39e7b361bc,2024-09-01,PL,partnerships,5953,PLN
99e9fb51-e4eb-436c-9310-b67cdc1f14aa,2024-09-01,PL,referral,3564,PLN
6ead118c-f760-4d06-8901-5944b5c08165,2024-09-01,IT,digital_marketing,5058,EUR
e236a04f-82bc-40d1-9868-2b82b6de7ecb,2024-09-01,IT,field_sales,4698,EUR
ce2be806-9b97-4e4c-bb32-621acf296ad2,2024-09-01,IT,partnerships,2063,EUR
ff157174-b17b-4e40-8498-9c509334cb0b,2024-09-01,IT,referral,1120,EUR
031291e2-e13a-402d-9686-51610448be5e,2024-09-01,ES,digital_marketing,4864,EUR
1dc56b5f-b329-447c-944b-835908c13c25,2024-09-01,ES,field_sales,4087,EUR
e9cbdc2e-031e-4d9d-8833-5ef7a92c69be,2024-09-01,ES,partnerships,1972,EUR
b3d0d2a1-2289-4cef-bc78-5af4abf647af,2024-09-01,ES,referral,923,EUR
be963874-26b8-4c6b-bfd0-6e782976f11a,2024-10-01,DE,digital_marketing,7990,EUR
103c8784-3fd6-4407-9bd6-1c34a70ae7f4,2024-10-01,DE,field_sales,6634,EUR
06975c4d-6cf6-4b28-98bd-e0751042901b,2024-10-01,DE,partnerships,3390,EUR
9c3bf707-d969-4853-804f-0581aa0a402a,2024-10-01,DE,referral,1554,EUR
7e14f11e-5701-48a2-bb83-c69aeffbce7d,2024-10-01,GB,digital_marketing,9033,GBP
b1d24469-d227-4775-a46e-90659bee7c0f,2024-10-01,GB,field_sales,6538,GBP
d3e7497c-fb83-4803-9d1c-0cc5fda86805,2024-10-01,GB,partnerships,3307,GBP
0c94c536-688d-4094-a435-c089f5d57414,2024-10-01,GB,referral,1899,GBP
1cb9f08a-9dd5-45c1-bfd3-df6076cbd7dc,2024-10-01,FR,digital_marketing,7539,EUR
624cd496-a5ef-4041-aae1-1bbed9ca736f,2024-10-01,FR,field_sales,4973,EUR
c6f4d652-563d-4f37-b119-b2108bb5ecff,2024-10-01,FR,partnerships,2992,EUR
78ae7bff-e629-45a3-9b40-fac1e287a95c,2024-10-01,FR,referral,1403,EUR
d9e0a447-b78d-4b41-9db4-93809bf5b0d6,2024-10-01,BR,digital_marketing,31769,BRL
62c45e78-7eb8-42e1-806c-37e0c5bd7e33,2024-10-01,BR,field_sales,20972,BRL
03e414e2-1b0f-47c0-ba89-83d0203312fa,2024-10-01,BR,partnerships,10405,BRL
6ec67c55-2adc-4273-8606-d12fabb35990,2024-10-01,BR,referral,5189,BRL
05343daf-8244-497f-aea8-85b2653c4d29,2024-10-01,US,digital_marketing,10935,USD
6b3de821-27a6-4d42-9ee4-f336488a8b43,2024-10-01,US,field_sales,9978,USD
2b6439d1-fb37-43ca-a148-1cb9ab938d6d,2024-10-01,US,partnerships,5118,USD
ccd231a5-e1e0-43ed-b273-9e56cc2d9a49,2024-10-01,US,referral,3123,USD
bfd99498-aef5-4e56-b96c-32bdf3eae230,2024-10-01,PL,digital_marketing,16110,PLN
090db235-798f-429b-9e91-f580c8029fa8,2024-10-01,PL,field_sales,12608,PLN
01267f2f-a342-4f65-9ed2-fffe93bc8f63,2024-10-01,PL,partnerships,7742,PLN
0ca95113-953d-4f73-b5bf-9f89e0d5c0fe,2024-10-01,PL,referral,3431,PLN
0af698ce-2f8b-419e-aabb-5878b6e19e3e,2024-10-01,IT,digital_marketing,5841,EUR
b205f975-930f-4044-aecd-dd2674be8d74,2024-10-01,IT,field_sales,4306,EUR
aa66a082-e731-4933-b60a-3aeae43301a1,2024-10-01,IT,partnerships,2187,EUR
5e73bca0-344c-4154-a91c-b22a4c2d89fe,2024-10-01,IT,referral,990,EUR
65b29142-97d5-4725-ac5b-c591635c8234,2024-10-01,ES,digital_marketing,4839,EUR
ba62ebd3-879b-43ba-b4e5-0b39630451ff,2024-10-01,ES,field_sales,4178,EUR
ca66a6f0-9259-4d82-9e75-4a18fc04c636,2024-10-01,ES,partnerships,2269,EUR
5dbc866d-44f5-4758-a8ac-9ed552068ef6,2024-10-01,ES,referral,1189,EUR
2af44107-7bbf-4af2-9ca0-9fb7cfc5fd72,2024-11-01,DE,digital_marketing,9248,EUR
354a9d9f-94bc-49f9-a01a-9a36f5c8d30f,2024-11-01,DE,field_sales,5690,EUR
fa4776f5-d5fc-47a5-8236-d622bd6f1d30,2024-11-01,DE,partnerships,3101,EUR
b8528eb3-46d2-42ea-aef2-98ffea583d79,2024-11-01,DE,referral,1519,EUR
dc633c06-c123-450f-be9d-d740c9fa74f8,2024-11-01,GB,digital_marketing,7250,GBP
154d3112-ecb9-4b1b-ab51-fecb4bab1436,2024-11-01,GB,field_sales,5898,GBP
0d21965a-173e-4581-b065-e46b24bf2f04,2024-11-01,GB,partnerships,3278,GBP
aac131d0-e909-446a-ba8e-96b98681036a,2024-11-01,GB,referral,1817,GBP
93ec87fc-3b6e-46b3-b5a0-43be4c89ee8e,2024-11-01,FR,digital_marketing,8352,EUR
07427e16-1270-4e95-96de-1cd36724d912,2024-11-01,FR,field_sales,5071,EUR
8802f059-bc5f-4b5f-a633-07deb862778e,2024-11-01,FR,partnerships,2764,EUR
3ec25032-e7c7-4ba0-a0f6-5e72ce2ce7fd,2024-11-01,FR,referral,1531,EUR
119c7f9f-59be-43bc-a658-ec3ce40cda96,2024-11-01,BR,digital_marketing,30245,BRL
0a277df7-f54d-49a4-ab14-c549875ec8e5,2024-11-01,BR,field_sales,23574,BRL
312975b7-8f60-4f4b-a1fc-167608b29104,2024-11-01,BR,partnerships,11797,BRL
d0d88cde-d0e0-40c1-82d8-2b691025f9f6,2024-11-01,BR,referral,5185,BRL
48d90775-2639-48fa-a93f-dff447b9a0cd,2024-11-01,US,digital_marketing,10234,USD
9295985a-f6a6-4295-8cf8-54dce2c5e2e0,2024-11-01,US,field_sales,9130,USD
5362c19f-2ec6-40b6-b1c3-4989a2422e2e,2024-11-01,US,partnerships,4072,USD
4130ad45-e9ce-47b6-8606-45d1c785fc63,2024-11-01,US,referral,2525,USD
04fe5378-193b-4814-8c9f-c2d274992822,2024-11-01,PL,digital_marketing,20263,PLN
153a8b5b-2ee1-41b8-8909-e4a74a41bf5e,2024-11-01,PL,field_sales,13173,PLN
1f99e9c3-abd0-4d6b-96ee-05590f8c9806,2024-11-01,PL,partnerships,7553,PLN
146587d5-a5b2-43f1-bac2-af14eda896ee,2024-11-01,PL,referral,3231,PLN
9341fd86-bd5a-46c4-b66f-cb6c2d69d449,2024-11-01,IT,digital_marketing,5743,EUR
6f6ec0cc-e52e-49b5-9d8a-38a2a5000a91,2024-11-01,IT,field_sales,3999,EUR
0190d856-6098-400b-9cc0-32d225d36cc0,2024-11-01,IT,partnerships,2093,EUR
e8520046-b64e-4e62-bd7e-1728c78f6806,2024-11-01,IT,referral,1103,EUR
b4da2f47-200d-4aa4-b524-49a3d840bf8d,2024-11-01,ES,digital_marketing,5565,EUR
1724cd98-e2bb-4eaa-8f94-a8d63aefa67c,2024-11-01,ES,field_sales,4495,EUR
59cdc6c4-0e75-47e3-95bc-b5f139c566d3,2024-11-01,ES,partnerships,2391,EUR
2bdadb7b-e097-425f-8061-e2ca0bf55991,2024-11-01,ES,referral,1058,EUR
2981e1d7-2eff-44de-a0e6-3f30d19c0489,2024-12-01,DE,digital_marketing,7752,EUR
c602ee85-ecd3-47aa-a88b-fd71326f2e68,2024-12-01,DE,field_sales,7025,EUR
056f9318-7f6a-4ab0-bdc1-4d7db1284824,2024-12-01,DE,partnerships,2976,EUR
5347d147-1ff5-4366-935a-3698f6afcb25,2024-12-01,DE,referral,1821,EUR
dac601f9-6c97-4baf-8e9b-3921345624ce,2024-12-01,GB,digital_marketing,9194,GBP
28b9f8a8-3814-44d2-be32-e0265fa04ebf,2024-12-01,GB,field_sales,7295,GBP
1999b50a-bd5c-4faa-a768-0c9f7db79e94,2024-12-01,GB,partnerships,3030,GBP
77c2ac8f-1cd2-46c3-80ea-e43415797e92,2024-12-01,GB,referral,1850,GBP
043314f5-9d09-4c07-bfc2-680a8f56b0cb,2024-12-01,FR,digital_marketing,7554,EUR
ed964809-b243-459f-b96f-9f16d3de59b0,2024-12-01,FR,field_sales,5773,EUR
5f5424c0-c9e8-4b12-801c-209fc4d9a271,2024-12-01,FR,partnerships,2420,EUR
fd27cadd-129b-4de2-a91e-9450724ed3b6,2024-12-01,FR,referral,1410,EUR
bf16eb5c-71e3-40c4-abe2-a3bb2275534b,2024-12-01,BR,digital_marketing,29426,BRL
a8a3947b-cab5-4e1e-9132-dea98602d6b9,2024-12-01,BR,field_sales,21778,BRL
ae7202d9-c358-407b-8d5f-a27984eabab0,2024-12-01,BR,partnerships,12553,BRL
6b8655ee-6057-400a-b523-c29e44c94063,2024-12-01,BR,referral,5571,BRL
0acacbb4-512b-4e89-bf5c-9a2e34e1326b,2024-12-01,US,digital_marketing,12973,USD
2110fe51-b44a-47ef-8912-f65f21fd1216,2024-12-01,US,field_sales,8370,USD
8a840766-8b95-42ee-979f-7db8feaf0303,2024-12-01,US,partnerships,4153,USD
dcb4cde4-b7fb-499a-9323-8dc6cffdf195,2024-12-01,US,referral,3114,USD
dd944e79-38a0-40dc-9882-ffc42620dc80,2024-12-01,PL,digital_marketing,18564,PLN
469234a1-c3b2-4739-901c-a358f05d1973,2024-12-01,PL,field_sales,12874,PLN
e4d0fb0d-0b74-4810-8618-d971b7ab90fe,2024-12-01,PL,partnerships,7242,PLN
06908291-a3d1-4af6-a75a-280734b46d35,2024-12-01,PL,referral,3474,PLN
139b027c-8907-4a6d-ab6c-2fdcac43ec19,2024-12-01,IT,digital_marketing,5849,EUR
f4a258ad-b784-4bf2-aa11-c233e21e73be,2024-12-01,IT,field_sales,4438,EUR
ec04741e-410a-401d-94c6-9f6f84ceea68,2024-12-01,IT,partnerships,1914,EUR
f48ad7dc-bc6a-4a98-a089-7b0b49a50224,2024-12-01,IT,referral,1141,EUR
92514e20-a509-40e5-aaa9-8f7b7c124483,2024-12-01,ES,digital_marketing,4956,EUR
264864f4-557e-4356-9d9d-f48ea33bf6e9,2024-12-01,ES,field_sales,4172,EUR
b858ae70-9396-4749-a230-0a5a13ff57f1,2024-12-01,ES,partnerships,2130,EUR
975e886b-19f0-4459-8a56-acfe8ff40e3d,2024-12-01,ES,referral,974,EUR
3ae282c8-c088-4673-b705-61b606cbf30d,2025-01-01,DE,digital_marketing,9289,EUR
012d238c-02bb-46b3-9992-2d81c38af0cf,2025-01-01,DE,field_sales,6201,EUR
66b0d5e2-6df8-44cc-ae62-9b489bbe157b,2025-01-01,DE,partnerships,3117,EUR
9fc4215c-6ad6-4831-80dc-4cd447b240a6,2025-01-01,DE,referral,1828,EUR
6902b1c9-07cc-4176-9414-54770f1e32ab,2025-01-01,GB,digital_marketing,7516,GBP
2d242714-6471-4219-a6dd-792c512fb819,2025-01-01,GB,field_sales,5794,GBP
b283a247-453d-4b99-b06b-9f1e005e2648,2025-01-01,GB,partnerships,3500,GBP
14d7ae06-fb95-442a-b0fa-a45b7cbf3432,2025-01-01,GB,referral,1751,GBP
e2ce43b1-f5f2-40f0-9c87-86dc3001040e,2025-01-01,FR,digital_marketing,7229,EUR
133ec866-d6e4-4c3b-a661-b6d9ae0e34c6,2025-01-01,FR,field_sales,6055,EUR
3d5bf673-7ba4-4644-bc37-dde7faa92814,2025-01-01,FR,partnerships,2427,EUR
17e4c7ca-49ab-4d32-8782-896745fcb3c1,2025-01-01,FR,referral,1549,EUR
80d20010-b4f2-4d52-8e1d-174eeea5fe87,2025-01-01,BR,digital_marketing,28624,BRL
297d5668-b6f0-4162-a1ec-274263d9cce5,2025-01-01,BR,field_sales,22869,BRL
c47cd335-7b53-44c4-95cc-751146bf2ddb,2025-01-01,BR,partnerships,13332,BRL
000a6e2a-d6fb-4ea9-8be2-a9304c5edfba,2025-01-01,BR,referral,6666,BRL
03a6ef86-72be-4830-a552-a0abaf292acb,2025-01-01,US,digital_marketing,12261,USD
4038a7f0-bfd4-47b4-b2ea-6ad79ab970fd,2025-01-01,US,field_sales,8160,USD
175d6ea9-5413-4380-92f9-535f01cc2423,2025-01-01,US,partnerships,5061,USD
e95832f2-f5ea-45ca-9836-15e884c6fea2,2025-01-01,US,referral,2813,USD
af48361d-2db8-4ca4-b10d-ca503d2c9965,2025-01-01,PL,digital_marketing,19796,PLN
612d8f50-db35-4f46-8d01-0151543d6429,2025-01-01,PL,field_sales,14306,PLN
95d66cfc-149b-44dd-a31c-62a4a5f7b920,2025-01-01,PL,partnerships,7046,PLN
db610236-bec7-4964-87b9-9b7e191d973d,2025-01-01,PL,referral,3313,PLN
5d02c6c4-ae4d-4d63-b5c7-4a1ea6e6ecdb,2025-01-01,IT,digital_marketing,5875,EUR
403b4a7f-4ef2-495c-8b04-c0c6613ccfee,2025-01-01,IT,field_sales,4061,EUR
ee0bc87c-77e8-4f8f-8d5e-d0f759c55873,2025-01-01,IT,partnerships,2219,EUR
af0995fb-d7c7-495b-b361-516f51cee49f,2025-01-01,IT,referral,1092,EUR
ce61bfcd-2a19-4787-a02b-51c3a3b0c270,2025-01-01,ES,digital_marketing,5926,EUR
b5fa2c3a-fef2-4540-a983-e21adde6bbc5,2025-01-01,ES,field_sales,3900,EUR
08f80ff9-356d-4c5e-9df6-d4e15c8ca8c0,2025-01-01,ES,partnerships,2234,EUR
4d54f44a-58a9-4b62-9f92-fe4ebfe4f552,2025-01-01,ES,referral,1187,EUR
62070951-308c-44a3-b468-23ef6c2e940b,2025-02-01,DE,digital_marketing,9768,EUR
b57298e3-a82c-47ae-b0a4-0f9aeaa63fa4,2025-02-01,DE,field_sales,6114,EUR
5171d5f8-e615-44a8-aaac-523473d7b595,2025-02-01,DE,partnerships,3003,EUR
f29ed915-ad36-4609-88e0-8250a3a92075,2025-02-01,DE,referral,1687,EUR
865e77ff-4a67-4c62-ba8a-4f48e22d173f,2025-02-01,GB,digital_marketing,8556,GBP
ef6680ac-0652-490b-8456-4459e8259508,2025-02-01,GB,field_sales,5767,GBP
e36694e7-cea0-4520-bb8f-f237c798d248,2025-02-01,GB,partnerships,3112,GBP
3c97bb1a-c70a-4c01-a443-44ce31f16160,2025-02-01,GB,referral,2110,GBP
603fa1dd-703b-4714-9055-ffbf079471eb,2025-02-01,FR,digital_marketing,7449,EUR
4d827fb1-c918-40c0-a8c0-2bfc8d6657d9,2025-02-01,FR,field_sales,5215,EUR
8a06be2e-2c67-4be9-b250-caecf740c11e,2025-02-01,FR,partnerships,2849,EUR
2f30e839-b1c2-455f-af23-d880205c5a7c,2025-02-01,FR,referral,1628,EUR
021f98cf-f6bd-4465-84c8-cabb4cd42b9d,2025-02-01,BR,digital_marketing,31080,BRL
39b89876-1317-4c5f-8929-cfb4f8b87137,2025-02-01,BR,field_sales,22224,BRL
8d4f7382-0d24-4140-bf84-fff7031b25a1,2025-02-01,BR,partnerships,10537,BRL
53ff4535-ef5b-4667-9d22-6dd24280fc14,2025-02-01,BR,referral,5772,BRL
4fa8526b-4903-4825-affb-53257febe123,2025-02-01,US,digital_marketing,11310,USD
81bdb740-f053-4fa8-8c85-aaca494e3079,2025-02-01,US,field_sales,9948,USD
7b0f2b68-c54f-4d80-a973-bfa73fb5b717,2025-02-01,US,partnerships,5235,USD
4285da10-790c-4639-afb4-da38694a6e8e,2025-02-01,US,referral,2814,USD
d0c9dec6-81e3-4960-b1a3-9655e5beb596,2025-02-01,PL,digital_marketing,17954,PLN
4dfb9396-e597-42a3-8fa3-37d10b809c48,2025-02-01,PL,field_sales,15686,PLN
4a39a4d2-fed9-433a-a27b-41f702f62474,2025-02-01,PL,partnerships,7552,PLN
4a413b25-d776-4214-b59c-37da71a7ac7a,2025-02-01,PL,referral,3983,PLN
18a7b5b8-a5a3-4fba-a9d4-4b7e51a17c7f,2025-02-01,IT,digital_marketing,5050,EUR
38a4e803-6782-4277-bd91-07bf4d895d9b,2025-02-01,IT,field_sales,4569,EUR
9416463e-0692-4597-a150-5008e650792a,2025-02-01,IT,partnerships,2162,EUR
24efd2ce-b09b-43f9-8c41-cac19bd56c33,2025-02-01,IT,referral,993,EUR
251d16ad-c0e3-4479-b536-fc24d0df15b6,2025-02-01,ES,digital_marketing,5608,EUR
d0c1b39e-018c-4f48-86c8-967b4422166c,2025-02-01,ES,field_sales,4281,EUR
206da0d7-ff24-4997-a2c6-9c9756cd85ca,2025-02-01,ES,partnerships,2361,EUR
0db08581-43f3-43ba-ba36-adee3d3f7081,2025-02-01,ES,referral,1035,EUR
f3c31f14-1e62-470b-b4a1-73416cc3cade,2025-03-01,DE,digital_marketing,9280,EUR
fa6e4b64-1b1c-45ab-a7e1-c63cdba5df26,2025-03-01,DE,field_sales,7326,EUR
4331ed75-f520-4cba-bbf0-b19431a2cf6f,2025-03-01,DE,partnerships,3660,EUR
8904bf6e-61c2-4e36-ac8a-8c7a43170d43,2025-03-01,DE,referral,1496,EUR
1e21615f-d57f-446e-8afc-4776182a21fd,2025-03-01,GB,digital_marketing,8334,GBP
44904781-eb67-44c5-8618-22bdb0469308,2025-03-01,GB,field_sales,6363,GBP
91ea3052-44e3-4752-a35e-7068dc07e3c7,2025-03-01,GB,partnerships,3585,GBP
b4f7a35b-1bd6-4499-8a44-0746bf99dcb5,2025-03-01,GB,referral,2008,GBP
5c406032-39c7-46c3-b63f-f2c82f13a4d2,2025-03-01,FR,digital_marketing,7683,EUR
fa630079-c564-4725-9a84-984f485065a3,2025-03-01,FR,field_sales,5730,EUR
731a85f2-64e1-4868-a5d6-7c6d44cc5017,2025-03-01,FR,partnerships,2529,EUR
4a011f4b-c177-4d03-9ade-0c3038613570,2025-03-01,FR,referral,1585,EUR
2f0a291e-49a3-42dd-bd96-314ad79c50ae,2025-03-01,BR,digital_marketing,32536,BRL
9cb5b20e-4aa8-4be1-a321-bf5918abf202,2025-03-01,BR,field_sales,21519,BRL
415c7d97-919d-4b5b-b0df-cc8e020df803,2025-03-01,BR,partnerships,12356,BRL
2c48647e-57c0-4cb7-a431-feabcd0251b9,2025-03-01,BR,referral,5515,BRL
dda04476-8857-4122-a13b-a9015b3aeb51,2025-03-01,US,digital_marketing,12028,USD
91b82bdc-d045-457f-8673-6cf17188a4db,2025-03-01,US,field_sales,9859,USD
f0da5a8d-e7bd-4d01-8530-9a5235a59f9b,2025-03-01,US,partnerships,4604,USD
d8a3ac54-d68c-42b5-a7b1-032b5d9b2712,2025-03-01,US,referral,2635,USD
43f23286-644b-4952-9e4b-349fe4efa5a1,2025-03-01,PL,digital_marketing,19026,PLN
92e9687b-e874-4074-8cde-5110356d562f,2025-03-01,PL,field_sales,12737,PLN
7683f9e9-5f96-4039-8945-ef130087e42c,2025-03-01,PL,partnerships,6336,PLN
6c37f770-928a-4512-a4eb-91f0f1b80f95,2025-03-01,PL,referral,4225,PLN
5500b55d-a0aa-4c43-b5be-da645303a46f,2025-03-01,IT,digital_marketing,4774,EUR
c393cba7-b6ac-4ed6-9f32-82bd80c41a1f,2025-03-01,IT,field_sales,4210,EUR
940eb032-ec11-4114-a94e-95b09e193da9,2025-03-01,IT,partnerships,1983,EUR
2b421014-f541-4679-b6e2-50fbf31ec616,2025-03-01,IT,referral,1203,EUR
c2b382b6-596e-456d-8f14-a52e4f139a6b,2025-03-01,ES,digital_marketing,6116,EUR
c27238e3-ac58-4200-abdb-77bcdd46ac9c,2025-03-01,ES,field_sales,3845,EUR
d7d9fd90-bcc0-434b-a9c4-c4ccfced37dc,2025-03-01,ES,partnerships,2078,EUR
8a33e9d9-7fb1-4012-9138-8dd3a3458c06,2025-03-01,ES,referral,1029,EUR
0c460e85-b448-4f75-bf9f-e6e86beb0528,2025-04-01,DE,digital_marketing,9669,EUR
681e60c6-7032-46d1-937a-241720ad97be,2025-04-01,DE,field_sales,7083,EUR
caf68c08-c0cb-4238-a99f-9d615c29716f,2025-04-01,DE,partnerships,3055,EUR
a8f34fbc-00e3-4cee-a360-538112fc261e,2025-04-01,DE,referral,1671,EUR
51b7b990-8294-45f6-8386-34cfcb7b5060,2025-04-01,GB,digital_marketing,9237,GBP
64688d2d-ebd7-41b0-928c-efecff30794b,2025-04-01,GB,field_sales,7211,GBP
d3ea07d8-bd51-4436-bce3-a10fdd31946d,2025-04-01,GB,partnerships,2913,GBP
f818f1b5-aee3-4ada-8237-3b9fdb5f5ff0,2025-04-01,GB,referral,1806,GBP
d7c465ce-3ff9-40f5-8e32-0b6e5a0a4e25,2025-04-01,FR,digital_marketing,7298,EUR
dafd1615-300d-4fff-a335-c8036309ad36,2025-04-01,FR,field_sales,6127,EUR
e59333bc-9dbe-48bb-b237-0dac4556a665,2025-04-01,FR,partnerships,2730,EUR
4a9fff9b-3866-4a25-a39c-5312f6215c1a,2025-04-01,FR,referral,1566,EUR
bfa6f580-fa4e-42e7-873e-41e3f977f189,2025-04-01,BR,digital_marketing,33084,BRL
d0104314-cb1b-4cd3-b5b7-b9722d6bd5c1,2025-04-01,BR,field_sales,22234,BRL
151908e6-10de-464a-8b4b-54a17179e418,2025-04-01,BR,partnerships,11329,BRL
6815d7e5-6732-4452-bc41-0e4a979f8b97,2025-04-01,BR,referral,5795,BRL
bed63ccf-aa0f-4982-a4d2-2133d785b9c1,2025-04-01,US,digital_marketing,10540,USD
dfaa534e-cb7c-4163-a55e-3df8783d3859,2025-04-01,US,field_sales,9135,USD
d4de9244-be7f-499b-8092-bdb6d4106d0d,2025-04-01,US,partnerships,4476,USD
1c26bb37-906d-4ccb-931d-e3a2e5df3b6c,2025-04-01,US,referral,2732,USD
c2d073ec-7eed-4333-a751-4cd8e088da64,2025-04-01,PL,digital_marketing,19850,PLN
aa77d89e-35cc-44cc-8d32-75a8637f1788,2025-04-01,PL,field_sales,13793,PLN
9c1e97c5-3035-41cb-8364-b0fec2c1435a,2025-04-01,PL,partnerships,6942,PLN
cbe1ac92-096d-4a28-b07b-277753d646fb,2025-04-01,PL,referral,3733,PLN
e5d3cee2-eeaa-4a56-94de-70646ff86bad,2025-04-01,IT,digital_marketing,5607,EUR
56a2c205-3355-42f0-9773-51c75fa1c5f5,2025-04-01,IT,field_sales,4624,EUR
a37c0a7f-b818-4cc9-9023-18faffb3bd1c,2025-04-01,IT,partnerships,2323,EUR
6541642a-4d98-4222-9d0a-f22779c7419c,2025-04-01,IT,referral,1173,EUR
a6d345f8-c147-4e88-b1c0-f80d8667dd72,2025-04-01,ES,digital_marketing,5092,EUR
a64632e7-3968-4002-8784-41c1b2a49649,2025-04-01,ES,field_sales,4530,EUR
3cc3a620-3317-4451-85bd-e4678ce3fc65,2025-04-01,ES,partnerships,2392,EUR
bceffb0a-e614-4df6-9866-2fd46d927f59,2025-04-01,ES,referral,1151,EUR
37c57117-5f19-4de1-a652-67840b3c59de,2025-05-01,DE,digital_marketing,9881,EUR
50ebadce-a8f1-4a4e-abab-5bace197a51f,2025-05-01,DE,field_sales,6594,EUR
6464284b-53ac-4d88-b38d-8b658db2e4e8,2025-05-01,DE,partnerships,3623,EUR
2c827554-0770-4895-ab3c-4be0b55fbaf4,2025-05-01,DE,referral,1630,EUR
94f5174e-38df-47ba-ac85-45360eebdc6a,2025-05-01,GB,digital_marketing,8426,GBP
c1674770-aa58-4ce4-bbac-0a02513a0bc2,2025-05-01,GB,field_sales,6764,GBP
2a6c4118-cf4e-40a7-a996-a8aa653ce528,2025-05-01,GB,partnerships,3340,GBP
30bab0ad-7767-4532-9de0-3fcf23b79199,2025-05-01,GB,referral,1675,GBP
32324307-3882-4dc7-87e4-7c92e99fe7e4,2025-05-01,FR,digital_marketing,6838,EUR
240787cd-e367-449b-9a9d-b38b1cf1b28a,2025-05-01,FR,field_sales,4854,EUR
83e5ffb6-2540-4660-b141-c36fdc144671,2025-05-01,FR,partnerships,2848,EUR
79bb89fc-121e-4a2d-ab6e-b83e3e20f985,2025-05-01,FR,referral,1712,EUR
5316599c-f2e8-44cc-a5b7-6e2811b6635f,2025-05-01,BR,digital_marketing,30510,BRL
75da426a-f40f-4f8e-b3e8-a15b9cd953be,2025-05-01,BR,field_sales,24974,BRL
ab27a42b-6a92-49f9-b331-d52aea434320,2025-05-01,BR,partnerships,13223,BRL
2f0248cb-4326-4e08-b1e5-f089ccb35166,2025-05-01,BR,referral,5620,BRL
d2670783-d329-4629-80b9-54badcb181bc,2025-05-01,US,digital_marketing,12187,USD
a44a1a19-3a12-40b2-9750-b6f519b865b0,2025-05-01,US,field_sales,9695,USD
9d1ddb18-94f5-4adb-a019-d812263b80ed,2025-05-01,US,partnerships,5050,USD
bd51f421-5df9-4c96-b390-4409f40f937c,2025-05-01,US,referral,2912,USD
17104ffb-3553-48f7-b594-3e765f51f538,2025-05-01,PL,digital_marketing,19628,PLN
ebc2c5ea-e941-46da-ab06-54baff92f31d,2025-05-01,PL,field_sales,15864,PLN
11de36d5-d5ba-484f-86af-8c3116e5477f,2025-05-01,PL,partnerships,7947,PLN
d8823395-0bc6-4bf0-ae7f-d7567557fedb,2025-05-01,PL,referral,3548,PLN
7d7ffb17-ed5f-4e73-af5d-39725324726a,2025-05-01,IT,digital_marketing,5856,EUR
04acc851-57c4-4a05-88f4-f0aa0b6dbbe3,2025-05-01,IT,field_sales,4024,EUR
39b78349-c02d-477d-9733-2144d679e665,2025-05-01,IT,partnerships,2432,EUR
2a833eeb-4bb6-4da4-9651-15c44bc056a2,2025-05-01,IT,referral,1146,EUR
70518098-5019-4f6c-9684-93153361a76e,2025-05-01,ES,digital_marketing,6231,EUR
f3f9ab15-52c4-44ca-b111-6b09315a5395,2025-05-01,ES,field_sales,4805,EUR
56ac26a0-eb2d-40f3-9cee-0e564c4c49dd,2025-05-01,ES,partnerships,2409,EUR
6ff820dc-e024-442f-96c0-61f99e90fe9c,2025-05-01,ES,referral,1084,EUR
5d2b4c86-10f7-43e6-8ab3-0e4a80556f19,2025-06-01,DE,digital_marketing,8181,EUR
9dd55a2e-3cbe-4d3b-8917-8daec31f82da,2025-06-01,DE,field_sales,6194,EUR
fdc1798a-fbe6-4726-92ba-5c32e12d0012,2025-06-01,DE,partnerships,3404,EUR
65e46f73-4761-4388-bb23-f95a6be10ecf,2025-06-01,DE,referral,1764,EUR
131267fb-5dd9-4749-90ec-e0dffc1b239d,2025-06-01,GB,digital_marketing,7535,GBP
1ed377f2-e688-471b-9405-4f4ad63959ff,2025-06-01,GB,field_sales,7528,GBP
aa89db17-d747-42ed-9e2d-76870ef94615,2025-06-01,GB,partnerships,3292,GBP
d74b1ef0-022c-4b42-a053-51d55eab797b,2025-06-01,GB,referral,2043,GBP
716ada5f-3ff9-4599-a0ce-18e084ace9b4,2025-06-01,FR,digital_marketing,8162,EUR
95f30105-610d-4ce9-887b-bf8dc992254e,2025-06-01,FR,field_sales,6158,EUR
1b65228c-6ec8-4020-b231-2728f2599670,2025-06-01,FR,partnerships,3106,EUR
e7f3a46a-5f62-496a-bb4c-96af81823779,2025-06-01,FR,referral,1604,EUR
4d4c4205-2fbd-418b-8397-75b11621fd46,2025-06-01,BR,digital_marketing,26776,BRL
97973bde-2a9e-4043-87eb-829a2ecaca4d,2025-06-01,BR,field_sales,21630,BRL
1f87187e-9556-49cf-b593-3d7510a7efbc,2025-06-01,BR,partnerships,13195,BRL
767a26ba-e384-4a6b-940e-0ca850fd8027,2025-06-01,BR,referral,6342,BRL
fab2e8c8-dca6-4272-ab02-7a3b4371b4c6,2025-06-01,US,digital_marketing,11238,USD
3cfcc580-7434-43fa-ab6d-df4abb214ee0,2025-06-01,US,field_sales,8383,USD
9a230f77-8f46-4bae-a057-3fd93c842161,2025-06-01,US,partnerships,4936,USD
10d07c69-a72a-482d-ab81-834c59f41c1b,2025-06-01,US,referral,3336,USD
61dd3178-2ca7-49cd-b67a-a136722b65d3,2025-06-01,PL,digital_marketing,17675,PLN
d7d3e18f-3f7c-4267-b006-6550798be71f,2025-06-01,PL,field_sales,15328,PLN
d7919eaf-a383-4345-b919-10d89744a4af,2025-06-01,PL,partnerships,6561,PLN
933dfa13-2657-4043-a0b7-3b01f9026403,2025-06-01,PL,referral,3902,PLN
1255e7be-c46f-4137-8b51-f26bdae92d9a,2025-06-01,IT,digital_marketing,5818,EUR
fbd68272-9622-45b1-b3a0-431179704f74,2025-06-01,IT,field_sales,4856,EUR
5ab0c99f-104a-47f0-8948-b20099c6a9eb,2025-06-01,IT,partnerships,2184,EUR
5124ba3c-8599-4b6b-8df8-42a1506c8843,2025-06-01,IT,referral,1180,EUR
5cdc0519-edd5-492e-8254-b1a2cc984a73,2025-06-01,ES,digital_marketing,5520,EUR
92449df5-3b51-4a3d-9044-9dc88d64adb6,2025-06-01,ES,field_sales,4304,EUR
06b11154-2644-4bb7-adf0-9fda3972df34,2025-06-01,ES,partnerships,2344,EUR
c112340d-7c54-477b-8e86-dc14dfbed327,2025-06-01,ES,referral,1129,EUR
87ab4dec-9159-48a9-a056-55fbe5d02ca5,2025-07-01,DE,digital_marketing,8979,EUR
4b8980b7-5acf-42fa-acdd-6c30ce974022,2025-07-01,DE,field_sales,6058,EUR
c2634a1e-b46d-4abd-9ebc-196be2e26e97,2025-07-01,DE,partnerships,3723,EUR
704304f9-aff3-4ee6-84d1-02237231b582,2025-07-01,DE,referral,1486,EUR
3e571206-9252-484e-b543-3604f8454021,2025-07-01,GB,digital_marketing,8390,GBP
6454025a-125d-449b-92a3-df0f1bd2d1ee,2025-07-01,GB,field_sales,7443,GBP
666d8deb-7732-4883-8098-1e24ed4ebbb8,2025-07-01,GB,partnerships,3003,GBP
3a18ff6c-4bd0-4024-99d3-0f55459b27a3,2025-07-01,GB,referral,2042,GBP
4f88ea5b-3dd3-4abb-bfeb-0c8ea25aa708,2025-07-01,FR,digital_marketing,8382,EUR
dd007699-e692-41fc-966e-411e696b6feb,2025-07-01,FR,field_sales,6240,EUR
7e741ceb-0888-434f-a025-11de9976ad61,2025-07-01,FR,partnerships,2467,EUR
c74fe1c6-252b-4cb1-b243-abc7e4606807,2025-07-01,FR,referral,1509,EUR
eaaac015-eee3-4ebf-9b10-9c70f5923b89,2025-07-01,BR,digital_marketing,33246,BRL
4decedce-de0c-4ee5-89bc-f39610affb8b,2025-07-01,BR,field_sales,27596,BRL
668134f8-ad17-41fa-9044-695a27ac1d0a,2025-07-01,BR,partnerships,12234,BRL
3ff61931-aab3-4a68-97d6-d0d5d23ef418,2025-07-01,BR,referral,5911,BRL
999b95d6-dd42-47c8-b085-0a2ee713c657,2025-07-01,US,digital_marketing,12448,USD
4c41943e-1d6b-4d03-b2c0-f8aff820eb80,2025-07-01,US,field_sales,9419,USD
58531a4b-a886-4ed7-86d9-dcd39acece72,2025-07-01,US,partnerships,4286,USD
24bb5ddf-561e-4b5c-bf1e-d38582ed93ac,2025-07-01,US,referral,3318,USD
3116d62b-4ca6-43ba-b133-54ec2fc725c0,2025-07-01,PL,digital_marketing,21493,PLN
785e201d-88a5-48f8-ba22-5fb61b2db769,2025-07-01,PL,field_sales,15409,PLN
bb57998a-496e-469a-9b4b-09ab5f739493,2025-07-01,PL,partnerships,6717,PLN
f8396db0-cda1-4b8c-bba1-19fac0e41c20,2025-07-01,PL,referral,3822,PLN
9d612145-dcdd-4d35-b47d-77b79aeff56c,2025-07-01,IT,digital_marketing,5681,EUR
ce24a455-bd64-45c3-8a39-bf51b6477864,2025-07-01,IT,field_sales,4588,EUR
b5315c6d-d587-4b4c-b75f-975f41276956,2025-07-01,IT,partnerships,2197,EUR
32126df4-7a91-496a-8929-27e8a7835354,2025-07-01,IT,referral,1147,EUR
4805f1e9-f9d3-48a8-9ced-93bf07e48d18,2025-07-01,ES,digital_marketing,6025,EUR
393d564d-7d55-4318-b9ad-493616b71f1a,2025-07-01,ES,field_sales,4837,EUR
268d802d-ed13-487e-a81d-9a382250f46f,2025-07-01,ES,partnerships,2506,EUR
8f66a0b6-fd6f-4379-85c4-fddc6ebe535e,2025-07-01,ES,referral,1189,EUR
03dc2f26-b901-45f5-8c1d-f0ed6d4c59bd,2025-08-01,DE,digital_marketing,9475,EUR
2d3480a2-b280-4d67-ad2b-7ba7cb5b8ed3,2025-08-01,DE,field_sales,6545,EUR
40eed055-e89e-4ccb-bb6c-2bd4f0c1d554,2025-08-01,DE,partnerships,3252,EUR
d34a9d3a-cd38-4703-bd68-7db08788123c,2025-08-01,DE,referral,1777,EUR
de02d38c-6e59-45f5-92c8-9b62f3ed4c7d,2025-08-01,GB,digital_marketing,8277,GBP
a0487d52-b57b-4522-ac26-e58c24845628,2025-08-01,GB,field_sales,6347,GBP
d7c26c41-95d9-44f5-a93c-b2f4ba7c5d6c,2025-08-01,GB,partnerships,3340,GBP
e5857d47-b4b7-4df8-bdec-2a2215dc0eca,2025-08-01,GB,referral,1891,GBP
7ecd8fb3-b857-4fef-8637-50b268fa19c2,2025-08-01,FR,digital_marketing,7706,EUR
85c0fcea-d907-4b51-aaa2-329f2cabdd4c,2025-08-01,FR,field_sales,5085,EUR
a2c485bc-aa54-4504-9f16-b6d12c9bb6bf,2025-08-01,FR,partnerships,2633,EUR
ef2cd779-3f42-4f0c-8d28-1bd4991e829c,2025-08-01,FR,referral,1497,EUR
55a7d6ab-c0f1-44f8-8d2e-5270d05cb9d9,2025-08-01,BR,digital_marketing,29639,BRL
cf67f051-a6a6-4f14-b9e0-194c40b9d67b,2025-08-01,BR,field_sales,25988,BRL
96e58ca5-7ade-446e-9032-ca5f7df7c61e,2025-08-01,BR,partnerships,13549,BRL
684d949a-335c-4d9e-bcd0-c467aecbb899,2025-08-01,BR,referral,5555,BRL
56139bad-bce9-4dbb-918b-27d5d1eb3738,2025-08-01,US,digital_marketing,12866,USD
39a2f4c3-af43-40be-9edd-7af27df4b090,2025-08-01,US,field_sales,10917,USD
2dda8ec1-999d-4360-b52a-cc6f6888f971,2025-08-01,US,partnerships,4668,USD
633dcd31-0889-44c6-83ff-9dabe92d51b3,2025-08-01,US,referral,3049,USD
1cf1854d-9fb7-4360-a429-2108da0b48c9,2025-08-01,PL,digital_marketing,17993,PLN
93cf98a6-3939-46a9-90fd-a70edfa6abd3,2025-08-01,PL,field_sales,14621,PLN
91ae4871-3f65-4f77-b7df-72eaaefa2b72,2025-08-01,PL,partnerships,7181,PLN
5581646c-2691-40c3-93d7-4b80a1119604,2025-08-01,PL,referral,3465,PLN
36f2a5dd-10b5-465e-b87a-644f8057cf0d,2025-08-01,IT,digital_marketing,6278,EUR
f835a29b-3eab-47e1-bbe4-54446aceec26,2025-08-01,IT,field_sales,4596,EUR
6d74ca65-700f-4070-a479-c05957f4d02e,2025-08-01,IT,partnerships,1987,EUR
e958873a-11f6-4f78-bfb9-e5e219fc7176,2025-08-01,IT,referral,1156,EUR
fa84683a-4107-45d4-8dbb-b22fe4ed3ae8,2025-08-01,ES,digital_marketing,5700,EUR
afe46b80-db36-480c-b648-b3f7feb2e55d,2025-08-01,ES,field_sales,4294,EUR
17533932-5a51-4970-a5ad-32c4e7225a8e,2025-08-01,ES,partnerships,2283,EUR
e2fddc93-7e3b-41e2-85df-55c48afc503e,2025-08-01,ES,referral,1239,EUR
b1bff636-b7dd-49a7-8960-7b8e6674e4c1,2025-09-01,DE,digital_marketing,8168,EUR
b5cb8117-5afa-4bed-80bb-97019c387c0c,2025-09-01,DE,field_sales,5993,EUR
eb23b48f-17b7-4278-9c37-d1bc8e8b1547,2025-09-01,DE,partnerships,3668,EUR
abd866bf-ade7-4dea-9be2-43976acc990e,2025-09-01,DE,referral,1801,EUR
7981e749-e8ea-4859-9535-ed7ffe4d3345,2025-09-01,GB,digital_marketing,8327,GBP
027958bb-ee8a-49af-b9bb-f9e8e2119244,2025-09-01,GB,field_sales,6600,GBP
37e7adc5-8e8a-4cfb-8caf-ce0eccaaf12a,2025-09-01,GB,partnerships,3660,GBP
5b36bbe9-846f-41cb-91c7-62eb66398bc3,2025-09-01,GB,referral,2008,GBP
59f557f4-ce4f-4b7d-aeb6-0b6e81d16c78,2025-09-01,FR,digital_marketing,7679,EUR
abeecf49-30b5-4e92-b624-0083baee1380,2025-09-01,FR,field_sales,5390,EUR
cce4e6f0-36a3-4fa7-9475-4ee5703c4abf,2025-09-01,FR,partnerships,2844,EUR
6fb39dac-f581-4bb3-85b6-9c37dc2abe76,2025-09-01,FR,referral,1626,EUR
660634aa-d7c6-4e4f-a546-8fa1b92e2beb,2025-09-01,BR,digital_marketing,34625,BRL
ac8672ec-83be-4e7c-9ace-36896eb487a6,2025-09-01,BR,field_sales,21961,BRL
cda3d629-6048-41ce-8cf1-adbe08c242dd,2025-09-01,BR,partnerships,13671,BRL
651805ea-c17f-4e95-bf2a-80079d9cb92e,2025-09-01,BR,referral,6403,BRL
f65d2fb4-cff4-4730-97e1-f68c1c4b93ff,2025-09-01,US,digital_marketing,11423,USD
21ebc442-08b7-47c1-8079-a0739ba7b537,2025-09-01,US,field_sales,10422,USD
07b70a73-94f5-4425-ac6e-f1105ea2397d,2025-09-01,US,partnerships,4705,USD
ebd8f741-dd10-4884-96a9-eb18461c9e48,2025-09-01,US,referral,2943,USD
026f69a2-6ace-4c81-b71c-51a131df977a,2025-09-01,PL,digital_marketing,17832,PLN
7c9c85ed-cf50-44bf-8c56-3fa5e7815adc,2025-09-01,PL,field_sales,15203,PLN
1783960f-422d-442f-84f9-e800a3836058,2025-09-01,PL,partnerships,7733,PLN
7f7cbe43-8d4c-43b6-9479-cd4324527a56,2025-09-01,PL,referral,3842,PLN
7a942cf0-4588-480f-8b60-152844a7bb79,2025-09-01,IT,digital_marketing,5729,EUR
3818b328-aaba-4efa-8432-1d43f9dfac11,2025-09-01,IT,field_sales,4872,EUR
d27f1a06-a38d-402e-9fdd-3ddd49580555,2025-09-01,IT,partnerships,2357,EUR
ed0f1fe0-7966-4d4d-b301-c2879788b396,2025-09-01,IT,referral,1108,EUR
2b5335ee-1707-4ea6-97b5-7698e05e9a99,2025-09-01,ES,digital_marketing,5547,EUR
29c1c8bc-8ae1-4cec-97ef-20fc852329e6,2025-09-01,ES,field_sales,4325,EUR
944ab2d3-a64d-4d43-ab5d-75b4783e3ea4,2025-09-01,ES,partnerships,2292,EUR
71614fcc-9da5-499a-a89c-bfb07d1155e1,2025-09-01,ES,referral,1007,EUR
44f5fd13-bf26-4be1-b1cb-4a2cb2327252,2025-10-01,DE,digital_marketing,8984,EUR
3e61b77d-6e63-445f-b6af-fa59ba8bbdff,2025-10-01,DE,field_sales,6538,EUR
830f25fc-f8e8-4572-832d-c8c65b24c30e,2025-10-01,DE,partnerships,2994,EUR
d6e5cf42-8df6-415d-8146-5b14fb072c0b,2025-10-01,DE,referral,1795,EUR
c6af44c2-3293-4c19-9fb4-1620ede80153,2025-10-01,GB,digital_marketing,9416,GBP
766762ff-1b15-41a5-b746-56b63265a096,2025-10-01,GB,field_sales,6440,GBP
315416ac-1e73-4182-8b49-52e47f4608ec,2025-10-01,GB,partnerships,3076,GBP
303cbc3f-e76c-4351-af1e-2cb99edc9ef3,2025-10-01,GB,referral,2170,GBP
2a75b69b-3b73-4d90-89c1-7d1065b179ef,2025-10-01,FR,digital_marketing,7036,EUR
5439c29d-338a-4c66-af96-07ab2adcf528,2025-10-01,FR,field_sales,5466,EUR
d7508685-7804-49fe-8e5a-b32bbd19d58f,2025-10-01,FR,partnerships,2495,EUR
691f4956-2c1d-4bf4-9bec-21453f4caf33,2025-10-01,FR,referral,1505,EUR
fdb9733c-5255-41e7-b1a8-39708a404fe8,2025-10-01,BR,digital_marketing,35016,BRL
be3a8a0d-f1ee-486d-9f65-6c60180a9dab,2025-10-01,BR,field_sales,22700,BRL
9c33d908-12a2-4694-9188-188ab8ebb27f,2025-10-01,BR,partnerships,13989,BRL
94fd48e9-ea1c-4e71-9fcc-318f32412e13,2025-10-01,BR,referral,5975,BRL
f1356180-fba2-4f95-9cbb-d206ea2bf9a1,2025-10-01,US,digital_marketing,12508,USD
b0dd8102-ae60-430f-b4a8-c851fcee74cf,2025-10-01,US,field_sales,9951,USD
421f0171-c4de-446d-b396-3baf4c135b14,2025-10-01,US,partnerships,4910,USD
0a43dfb3-2e89-4c30-a4f3-7b43ac315e49,2025-10-01,US,referral,3445,USD
1020bae4-6f56-452b-ae86-317627dcaa73,2025-10-01,PL,digital_marketing,21787,PLN
ae2c6683-aff6-4dc3-99ab-42f0a1ca48e7,2025-10-01,PL,field_sales,16390,PLN
cf63e4c6-3c5c-49c7-a5a8-3490a3d9391f,2025-10-01,PL,partnerships,7657,PLN
8fc7cfd6-a74f-44ba-9bb8-a936aa6902b3,2025-10-01,PL,referral,3426,PLN
50f4a22b-5a25-4125-a54c-bdd5697db804,2025-10-01,IT,digital_marketing,5851,EUR
c66426de-61f2-4433-9cad-07393210e2db,2025-10-01,IT,field_sales,4267,EUR
85832781-0bc4-42d7-a6ba-de1cb99c3a28,2025-10-01,IT,partnerships,2491,EUR
919086de-d19b-48fe-bf82-9bd468bea4d4,2025-10-01,IT,referral,1036,EUR
1be772cb-3fc0-46f8-a6bc-fd9266ccaa83,2025-10-01,ES,digital_marketing,5934,EUR
43220da9-5117-43b2-baf5-00b049658f67,2025-10-01,ES,field_sales,4865,EUR
d4f2ac76-2a8d-40d4-9848-e923c1c65a75,2025-10-01,ES,partnerships,2307,EUR
74682111-f10d-48a6-b914-e4063a67dd56,2025-10-01,ES,referral,1114,EUR
fccbb9cc-ad61-459c-97a5-74f91dc146f6,2025-11-01,DE,digital_marketing,10245,EUR
030184a3-68eb-4abb-8109-b5779315cf2d,2025-11-01,DE,field_sales,6155,EUR
b9d2ed3a-8de6-4887-b1d9-e5a26bd27adf,2025-11-01,DE,partnerships,3613,EUR
c9d602dd-8712-4e04-82dc-fa22ff257e54,2025-11-01,DE,referral,1581,EUR
a5aa2db5-1eed-4f56-8797-ddcbfc2088a5,2025-11-01,GB,digital_marketing,7974,GBP
c92afbcd-9f5a-412e-b8e5-8e2045c65c72,2025-11-01,GB,field_sales,6100,GBP
406eb599-967d-48f1-8155-bf70fbeef913,2025-11-01,GB,partnerships,3839,GBP
5d8b74bf-d2ef-4fa2-a9cf-cedc108f12ec,2025-11-01,GB,referral,1805,GBP
0130a055-92e8-4e5f-a89d-205729d9efb5,2025-11-01,FR,digital_marketing,7280,EUR
c0c06265-5c66-44f9-b233-34dc2d1b7230,2025-11-01,FR,field_sales,5646,EUR
eca089fe-f1b7-4a93-92ee-1d72e33c9428,2025-11-01,FR,partnerships,2738,EUR
1140df8c-aa7c-4e3c-9a1a-a818e9680f86,2025-11-01,FR,referral,1528,EUR
9f205d90-4229-4e52-b04e-abb705c86f4c,2025-11-01,BR,digital_marketing,30456,BRL
d1c03d9d-a6d1-4e11-ab42-f3dfceb29974,2025-11-01,BR,field_sales,26888,BRL
83f81e23-3912-4698-97f3-dcc72fa08a11,2025-11-01,BR,partnerships,11219,BRL
812d5bc4-3757-4651-b9a4-311335922fce,2025-11-01,BR,referral,6593,BRL
5ccafd74-4870-4767-8512-e428cd6025ef,2025-11-01,US,digital_marketing,13236,USD
8b57c959-5499-4c07-b95b-d1af75378964,2025-11-01,US,field_sales,10179,USD
8f96c629-1625-4617-936f-faec0f4dc4e0,2025-11-01,US,partnerships,4497,USD
d50650fc-de11-4544-b539-82d865b3d492,2025-11-01,US,referral,3020,USD
7110bbff-fc2b-4f1f-9fd4-1c04284c1c67,2025-11-01,PL,digital_marketing,18160,PLN
fa754e2e-0dc2-43ff-a697-e747a81aa590,2025-11-01,PL,field_sales,15477,PLN
d746ea67-4210-462d-bc21-7ce418adfbd8,2025-11-01,PL,partnerships,8105,PLN
ad78b7b4-7e03-4b1f-bf91-aa987d05b6ea,2025-11-01,PL,referral,3995,PLN
96a27997-d614-4470-89c8-17966caef6bc,2025-11-01,IT,digital_marketing,5603,EUR
2edc796e-bcd9-4564-abf5-676f86912bf4,2025-11-01,IT,field_sales,4843,EUR
f97a3d39-339a-465c-831f-0b2ac89f34c8,2025-11-01,IT,partnerships,2276,EUR
2287f340-742d-4788-822f-21a557105271,2025-11-01,IT,referral,1187,EUR
47b5ce71-5d20-4598-bcbd-2aa90cc41d52,2025-11-01,ES,digital_marketing,5999,EUR
3263d934-ce44-4b51-b102-afcac153e53b,2025-11-01,ES,field_sales,5127,EUR
7e643a78-d34f-4d3e-a421-e7ab12c51630,2025-11-01,ES,partnerships,2444,EUR
5fbf1d2c-a6d9-4d2f-8faa-8690101c8f3b,2025-11-01,ES,referral,1129,EUR
61c7f31d-29c0-427a-972d-a1b8fc8a5c8e,2025-12-01,DE,digital_marketing,9699,EUR
6e412ec6-0a8f-4236-a16c-0c00d19cdbfb,2025-12-01,DE,field_sales,7142,EUR
a6d12560-2578-4aaf-aaff-0ee9f3915b2a,2025-12-01,DE,partnerships,3112,EUR
8ed9efe7-2008-4288-af06-9a2180af4d08,2025-12-01,DE,referral,1751,EUR
fb0fa339-5a87-4468-bc21-69a376e12580,2025-12-01,GB,digital_marketing,9530,GBP
6269e9be-70ca-48bb-9ec1-db40d525c06d,2025-12-01,GB,field_sales,7271,GBP
5c52c1bc-7599-4ab2-bede-e8ddc00a5bad,2025-12-01,GB,partnerships,3150,GBP
7bfab3e5-8592-4cf5-acb6-997cb593169f,2025-12-01,GB,referral,1876,GBP
18867025-69de-4419-b6dd-79b0889745b8,2025-12-01,FR,digital_marketing,7871,EUR
a457cdee-ddac-4f81-beef-5268b9066604,2025-12-01,FR,field_sales,5464,EUR
1d776092-eba6-4866-abb1-57022890052c,2025-12-01,FR,partnerships,2811,EUR
88299004-0b36-4261-a0a1-acf046422608,2025-12-01,FR,referral,1870,EUR
e4375d22-e44b-44f1-9262-7b1fd8175c42,2025-12-01,BR,digital_marketing,27732,BRL
bb2e4eca-aefa-4fef-bb1a-6d57f1eff91f,2025-12-01,BR,field_sales,24393,BRL
14f3b1d2-057b-4c08-89e2-eb4f2de8b6a8,2025-12-01,BR,partnerships,12986,BRL
4afd8a0d-c97a-4e5b-833d-caa97de91771,2025-12-01,BR,referral,6560,BRL
e5ab329e-91ab-4dea-8470-9df1ccb3bb14,2025-12-01,US,digital_marketing,11046,USD
a2a69c5b-59f1-4fce-a22a-de8cfe97164c,2025-12-01,US,field_sales,11176,USD
518c53f8-7e85-4dd0-92c8-05e5a286d43d,2025-12-01,US,partnerships,4556,USD
19ed66c9-59ba-485d-b396-39e2868a32c0,2025-12-01,US,referral,2962,USD
fc4d2c08-f093-4105-91bb-b471275616f1,2025-12-01,PL,digital_marketing,19102,PLN
ea97f38a-44b2-4ed0-9349-5e7866e69ed2,2025-12-01,PL,field_sales,14272,PLN
21378a94-68a9-4986-b4ff-2851928cfb85,2025-12-01,PL,partnerships,7150,PLN
b2dd8c8f-2621-4f25-9fed-715a3b416198,2025-12-01,PL,referral,4274,PLN
41893b0a-3152-449f-87bd-8d690b69c345,2025-12-01,IT,digital_marketing,6458,EUR
7a73d1e8-a664-43b9-8420-7299275195df,2025-12-01,IT,field_sales,4964,EUR
76a1efa4-d37f-4332-8efb-259d1bb9e941,2025-12-01,IT,partnerships,2296,EUR
9b52270d-8c6e-43f5-9fcd-2acf13f6ca77,2025-12-01,IT,referral,1209,EUR
c929e642-c34e-4511-90da-b4f7d0434160,2025-12-01,ES,digital_marketing,6238,EUR
744a3eef-dcba-4551-b719-ee1871e17a61,2025-12-01,ES,field_sales,4138,EUR
fd9e242d-820f-4843-8e73-2081615b17c1,2025-12-01,ES,partnerships,2413,EUR
a6272ed7-15e9-41ef-b5f6-9003d3be4314,2025-12-01,ES,referral,1199,EUR
